"","song","audio_key"
"1","womack womack baby i m scared of you","womack womack baby i m scared of you"
"2","rank 1 awakening","rank 1 awakening"
"3","cosmic gate raging","cosmic gate raging"
"4","usher yeah","usher yeah"
"5","armin van buuren blue fear","armin van buuren blue fear"
"6","mario let me love you","mario let me love you"
"7","john legend used to love u","john legend used to love u"
"8","armin van buuren shivers","armin van buuren shivers"
"9","salt n pepa push it","salt n pepa push it"
"10","kid cudi day n nite","kid cudi day n nite"
"11","toto georgy porgy","toto georgy porgy"
"12","planet perfecto knights resurection","planet perfecto knights resurection"
"13","joonas hahmo manor","joonas hahmo manor"
"14","ludovico einaudi una mattina","ludovico einaudi una mattina"
"15","metallica enter sandman","metallica enter sandman"
"16","major lazer get free","major lazer get free"
"17","perfecto allstarz reach up","perfecto allstarz reach up"
"18","foster the people pumped up kicks","foster the people pumped up kicks"
"19","dash berlin till the sky falls down","dash berlin till the sky falls down"
"20","cosmic gate exploration of space","cosmic gate exploration of space"
"21","lange we are lucky people","lange we are lucky people"
"22","audien wayfarer","audien wayfarer"
"23","dimitri vegas like mike wakanda","dimitri vegas like mike wakanda"
"24","ramsey lewis sun goddess","ramsey lewis sun goddess"
"25","rank 1 airwave","rank 1 airwave"
"26","w w thunder","w w thunder"
"27","steve brian avocado","steve brian avocado"
"28","andrew rayel dark warrior","andrew rayel dark warrior"
"29","orjan nilsen between the rays","orjan nilsen between the rays"
"30","mgmt electric feel","mgmt electric feel"
"31","capital cities safe and sound","capital cities safe and sound"
"32","beat service arcade","beat service arcade"
"33","untitled","untitled"
"34","ellie goulding lights","ellie goulding lights"
"35","kodaline all i want","kodaline all i want"
"36","major lazer bubble butt","major lazer bubble butt"
"37","toto africa","toto africa"
"38","john legend all of me","john legend all of me"
"39","earth wind fire let s groove","earth wind fire let s groove"
"40","calvin harris summer","calvin harris summer"
"41","gaia empire of hearts","gaia empire of hearts"
"42","ben gold thriller","ben gold thriller"
"43","protoculture music is more than mathematics","protoculture music is more than mathematics"
"44","michael jackson love never felt so good","michael jackson love never felt so good"
"45","andrew rayel aeon of revenge","andrew rayel aeon of revenge"
"46","leftwing kody tell me","leftwing kody tell me"
"47","ilan bluestone big ben","ilan bluestone big ben"
"48","above beyond black room boy","above beyond black room boy"
"49","edx collateral effects","edx collateral effects"
"50","hans zimmer s t a y","hans zimmer s t a y"
"51","paranoid london eating glue","paranoid london eating glue"
"52","dolly parton jolene","dolly parton jolene"
"53","kiasmos looped","kiasmos looped"
"54","alex o rion electrifying love","alex o rion electrifying love"
"55","1","1"
"56","andrew bayer nobody told me","andrew bayer nobody told me"
"57","daniel avery sensation","daniel avery sensation"
"58","daniel avery clear","daniel avery clear"
"59","markus schulz the new world","markus schulz the new world"
"60","allen watts flashback","allen watts flashback"
"61","way out west tuesday maybe","way out west tuesday maybe"
"62","the midnight wemoveforward","the midnight wemoveforward"
"63","gorgon city all four walls","gorgon city all four walls"
"64","lone smoke signals","lone smoke signals"
"65","super8 tab nino","super8 tab nino"
"66","ashley wallbridge amnesia","ashley wallbridge amnesia"
"67","paul van dyk in circles","paul van dyk in circles"
"68","ti sto traffic","ti sto traffic"
"69","paranoid london light tunnel","paranoid london light tunnel"
"70","ram ramexico","ram ramexico"
"71","armin van buuren i live for that energy","armin van buuren i live for that energy"
"72","childish gambino redbone","childish gambino redbone"
"73","bill withers lovely day","bill withers lovely day"
"74","ginuwine pony","ginuwine pony"
"75","alpha 9 the night is ours","alpha 9 the night is ours"
"76","protoculture pegasus","protoculture pegasus"
"77","photographer infinity","photographer infinity"
"78","above beyond 1001","above beyond 1001"
"79","fred v grafix hurricanes","fred v grafix hurricanes"
"80","davey asprey fallout","davey asprey fallout"
"81","super8 tab cosmo","super8 tab cosmo"
"82","protoculture the descent","protoculture the descent"
"83","armin van buuren orbion","armin van buuren orbion"
"84","armin van buuren mirage","armin van buuren mirage"
"85","alpha 9 higher place","alpha 9 higher place"
"86","ben nicky cobra","ben nicky cobra"
"87","john o callaghan two trees","john o callaghan two trees"
"88","gaia saint vitus","gaia saint vitus"
"89","john askew black coffee","john askew black coffee"
"90","maggie rogers alaska","maggie rogers alaska"
"91","jorja smith teenage fantasy","jorja smith teenage fantasy"
"92","monolink burning sun","monolink burning sun"
"93","bobby wright blood of an american","bobby wright blood of an american"
"94","alpha 9 skin","alpha 9 skin"
"95","hodge beneath two moons","hodge beneath two moons"
"96","yousef nothing to fear","yousef nothing to fear"
"97","bicep rain","bicep rain"
"98","jessie ware midnight","jessie ware midnight"
"99","wehbba eclipse","wehbba eclipse"
"100","the space brothers shine","the space brothers shine"
"101","jorja smith blue lights","jorja smith blue lights"
"102","solee pink panther","solee pink panther"
"103","whomadewho i don t know","whomadewho i don t know"
"104","monolink sirens","monolink sirens"
"105","above beyond northern soul","above beyond northern soul"
"106","guy gerber what to do","guy gerber what to do"
"107","george fitzgerald burns","george fitzgerald burns"
"108","ryuichi sakamoto life life","ryuichi sakamoto life life"
"109","guy j aurora","guy j aurora"
"110","jeremy olander crossed","jeremy olander crossed"
"111","bart skils bells of the revolution","bart skils bells of the revolution"
"112","man power el mago del tiempo","man power el mago del tiempo"
"113","andrew meller insomnia","andrew meller insomnia"
"114","lone temples","lone temples"
"115","lone hyper seconds","lone hyper seconds"
"116","daniel avery fever dream","daniel avery fever dream"
"117","daniel avery after dark","daniel avery after dark"
"118","anna the dansant","anna the dansant"
"119","anna hidden beauties","anna hidden beauties"
"120","peggy gou it makes you forget","peggy gou it makes you forget"
"121","giuseppe ottaviani legacy","giuseppe ottaviani legacy"
"122","mark fanciulli like it","mark fanciulli like it"
"123","waifs strays bounce","waifs strays bounce"
"124","huxley eastside","huxley eastside"
"125","aitor ronda loveration","aitor ronda loveration"
"126","just her electric","just her electric"
"127","ben b hmer velvet rebellion","ben b hmer velvet rebellion"
"128","sweely stronger than me","sweely stronger than me"
"129","seba implosion","seba implosion"
"130","paradox toprock","paradox toprock"
"131","bensley ascension","bensley ascension"
"132","dimension raver","dimension raver"
"133","a a l know you","a a l know you"
"134","years years sanctify","years years sanctify"
"135","the blaze heaven","the blaze heaven"
"136","eli brown kingston crunch","eli brown kingston crunch"
"137","michael calfan on you","michael calfan on you"
"138","proc fiskal a fragrance","proc fiskal a fragrance"
"139","joseph ashworth carmine","joseph ashworth carmine"
"140","yotto chemicals","yotto chemicals"
"141","mat joe what you want","mat joe what you want"
"142","dj koze the love truck","dj koze the love truck"
"143","mad zach the visitor","mad zach the visitor"
"144","gizelle smith dust","gizelle smith dust"
"145","michael calfan got you","michael calfan got you"
"146","disciples atheist","disciples atheist"
"147","danny howard got that sound","danny howard got that sound"
"148","linier the move","linier the move"
"149","clarian television days","clarian television days"
"150","satori fauna","satori fauna"
"151","adana twins sequence 01","adana twins sequence 01"
"152","patrice b umel serpent","patrice b umel serpent"
"153","dirty doering dagga","dirty doering dagga"
"154","will clarke take a seat","will clarke take a seat"
"155","dj koze pick up","dj koze pick up"
"156","polymod no other","polymod no other"
"157","mr fingers inner acid","mr fingers inner acid"
"158","nils frahm sunson","nils frahm sunson"
"159","eli escobar city song part 2","eli escobar city song part 2"
"160","brame hamo roy keane","brame hamo roy keane"
"161","shadow child renegade stabz","shadow child renegade stabz"
"162","drake lust for life","drake lust for life"
"163","dj koze nein k nig nein","dj koze nein k nig nein"
"164","john tejada detector","john tejada detector"
"165","dj koze bonfire","dj koze bonfire"
"166","elderbrook sleepwalking","elderbrook sleepwalking"
"167","zak abel love song","zak abel love song"
"168","gorgon city motorola","gorgon city motorola"
"169","sonny fodera mf","sonny fodera mf"
"170","pional miracle","pional miracle"
"171","kraak smaak keep it together","kraak smaak keep it together"
"172","claptone in the night","claptone in the night"
"173","calvin logue warrior","calvin logue warrior"
"174","friendly fires love like waves","friendly fires love like waves"
"175","anotr let me tell you","anotr let me tell you"
"176","dj boris on on","dj boris on on"
"177","stimming frankfurt main","stimming frankfurt main"
"178","daniel avery quick eternity","daniel avery quick eternity"
"179","panthera krause heppy","panthera krause heppy"
"180","vini vici where the heart is","vini vici where the heart is"
"181","omiki na le","omiki na le"
"182","patrice b umel the hatchet","patrice b umel the hatchet"
"183","m nostalgia","m nostalgia"
"184","eelke kleijn the calling","eelke kleijn the calling"
"185","eelke kleijn drive","eelke kleijn drive"
"186","solid blake masha","solid blake masha"
"187","daniel avery radius","daniel avery radius"
"188","mohican sun don t wait","mohican sun don t wait"
"189","childish gambino feels like summer","childish gambino feels like summer"
"190","lil silva making sense","lil silva making sense"
"191","lafur arnalds undir","lafur arnalds undir"
"192","jon hopkins singularity","jon hopkins singularity"
"193","deodato whistle bump","deodato whistle bump"
"194","disclosure love can be so hard","disclosure love can be so hard"
"195","toby green check this out","toby green check this out"
"196","fisher losing it","fisher losing it"
"197","jack back sometimes","jack back sometimes"
"198","art of tones gimme some more","art of tones gimme some more"
"199","a ap rocky distorted records","a ap rocky distorted records"
"200","les sympathics de porto novo a min we vo nou we","les sympathics de porto novo a min we vo nou we"
"201","aphex twin t69 collapse","aphex twin t69 collapse"
"202","antoine delvig blonde breda","antoine delvig blonde breda"
"203","ti sto grapevine","ti sto grapevine"
"204","kshmr magic","kshmr magic"
"205","dada life do it till your face hurts","dada life do it till your face hurts"
"206","sansixto da trankis","sansixto da trankis"
"207","dom dolla take it","dom dolla take it"
"208","armin van buuren blah blah blah","armin van buuren blah blah blah"
"209","r f s du sol underwater","r f s du sol underwater"
"210","jonas aden i dip you dip","jonas aden i dip you dip"
"211","hardwell kicking it hard","hardwell kicking it hard"
"212","mefjus sinkhole","mefjus sinkhole"
"213","daniel avery diminuendo","daniel avery diminuendo"
"214","brohug be somebody","brohug be somebody"
"215","dusky amongst the gods","dusky amongst the gods"
"216","steven vegas danger","steven vegas danger"
"217","john dahlb ck voyager","john dahlb ck voyager"
"218","cedric gervais do it tonight","cedric gervais do it tonight"
"219","saberz doha","saberz doha"
"220","kendrick lamar humble","kendrick lamar humble"
"221","axwell nobody else","axwell nobody else"
"222","toby green party people","toby green party people"
"223","afrojack bassride","afrojack bassride"
"224","afrojack bringin it back","afrojack bringin it back"
"225","jack back grenade","jack back grenade"
"226","r f s du sol no place","r f s du sol no place"
"227","bali bandits voulez vous","bali bandits voulez vous"
"228","moska house religion","moska house religion"
"229","retrovision get down","retrovision get down"
"230","kura lambo","kura lambo"
"231","prismo breathe","prismo breathe"
"232","toby green ready","toby green ready"
"233","ti sto wow","ti sto wow"
"234","willy beaman her problem","willy beaman her problem"
"235","we are loud waverider","we are loud waverider"
"236","jyye somewhere else","jyye somewhere else"
"237","promise land loving you","promise land loving you"
"238","lucas steve where have you gone","lucas steve where have you gone"
"239","sevenn lollipop","sevenn lollipop"
"240","elderbrook old friend","elderbrook old friend"
"241","sons of maria coming home","sons of maria coming home"
"242","nora en pure polynesia","nora en pure polynesia"
"243","blr la luna","blr la luna"
"244","edx sillage","edx sillage"
"245","dirty south night walks","dirty south night walks"
"246","k lsch left eye left","k lsch left eye left"
"247","marcus worgull broad horizons","marcus worgull broad horizons"
"248","lane 8 little by little","lane 8 little by little"
"249","edx anthem","edx anthem"
"250","mercer boss","mercer boss"
"251","robin schulz speechless","robin schulz speechless"
"252","aurora forgotten love","aurora forgotten love"
"253","chic le freak","chic le freak"
"254","martin solveig my love","martin solveig my love"
"255","years years if you re over me","years years if you re over me"
"256","the chainsmokers sick boy","the chainsmokers sick boy"
"257","alesso tilted towers","alesso tilted towers"
"258","bassjackers the riddle","bassjackers the riddle"
"259","diego miranda slumber","diego miranda slumber"
"260","thomas newson ragga","thomas newson ragga"
"261","edx who cares","edx who cares"
"262","the him unstoppable","the him unstoppable"
"263","afrojack another level","afrojack another level"
"264","lsb drifter","lsb drifter"
"265","silk city electricity","silk city electricity"
"266","elderbrook capricorn","elderbrook capricorn"
"267","mike perry runaway","mike perry runaway"
"268","jac harri there for you","jac harri there for you"
"269","maor levi celestial","maor levi celestial"
"270","krystal klear neutron dance","krystal klear neutron dance"
"271","metrush heartbeat","metrush heartbeat"
"272","arty save me tonight","arty save me tonight"
"273","dada life one nation under lasers","dada life one nation under lasers"
"274","fedde le grand all over the world","fedde le grand all over the world"
"275","sigrid don t feel like crying","sigrid don t feel like crying"
"276","bob moses enough to believe","bob moses enough to believe"
"277","mercer your love","mercer your love"
"278","prince fox five months later","prince fox five months later"
"279","ella mai boo d up","ella mai boo d up"
"280","endor gunna be mine","endor gunna be mine"
"281","daniel avery projector","daniel avery projector"
"282","eelke kleijn de orde van de nacht","eelke kleijn de orde van de nacht"
"283","adisyn departure","adisyn departure"
"284","jess glynne no one","jess glynne no one"
"285","captain curtis pirate bass","captain curtis pirate bass"
"286","jac harri voices","jac harri voices"
"287","monolink frozen","monolink frozen"
"288","the chemical brothers got to keep on","the chemical brothers got to keep on"
"289","kaskade on your mind","kaskade on your mind"
"290","bebetta megalon","bebetta megalon"
"291","billie eilish bad guy","billie eilish bad guy"
"292","r f s du sol treat you better","r f s du sol treat you better"
"293","the internet roll","the internet roll"
"294","tom walker not giving in","tom walker not giving in"
"295","are you still hurt","are you still hurt"
"296","diplo hold you tight","diplo hold you tight"
"297","dombresky soul sacrifice","dombresky soul sacrifice"
"298","foals exits","foals exits"
"299","armin van buuren turn it up","armin van buuren turn it up"
"300","bazzi paradise","bazzi paradise"
"301","john o callaghan choice of the angels","john o callaghan choice of the angels"
"302","jon hopkins emerald rush","jon hopkins emerald rush"
"303","sofi tukker fantasy","sofi tukker fantasy"
"304","monolink return to oz","monolink return to oz"
"305","diplo bubble up","diplo bubble up"
"306","paul kalkbrenner part eight","paul kalkbrenner part eight"
"307","panic at the disco high hopes","panic at the disco high hopes"
"308","ava max so am i","ava max so am i"
"309","no requests believe","no requests believe"
"310","friend within the truth","friend within the truth"
"311","weiss feel my needs","weiss feel my needs"
"312","illyus barrientos so serious","illyus barrientos so serious"
"313","giuseppe ottaviani empty world","giuseppe ottaviani empty world"
"314","i o ddos","i o ddos"
"315","rezident artifacts","rezident artifacts"
"316","childish gambino this is america","childish gambino this is america"
"317","purple haze the hyll","purple haze the hyll"
"318","budgie touch me 2","budgie touch me 2"
"319","benjiflow deep end","benjiflow deep end"
"320","thundercat friend zone","thundercat friend zone"
"321","purple haze bergen","purple haze bergen"
"322","disclosure moonlight","disclosure moonlight"
"323","dermot kennedy power over me","dermot kennedy power over me"
"324","khruangbin evan finds the third room","khruangbin evan finds the third room"
"325","offaiah private show","offaiah private show"
"326","harry romero fall of babylon","harry romero fall of babylon"
"327","gaia tuvan","gaia tuvan"
"328","saint jhn roses","saint jhn roses"
"329","brooks lynx","brooks lynx"
"330","loco dice roots","loco dice roots"
"331","flame 1 fog","flame 1 fog"
"332","alicia keys you don t know my name","alicia keys you don t know my name"
"333","earth wind fire september","earth wind fire september"
"334","chaka khan ain t nobody","chaka khan ain t nobody"
"335","art of noise peter gunn","art of noise peter gunn"
"336","mr fingers qwazars","mr fingers qwazars"
"337","mark sixma the clock","mark sixma the clock"
"338","george fitzgerald passing trains","george fitzgerald passing trains"
"339","ran d zombie","ran d zombie"
"340","chaka khan hello happiness","chaka khan hello happiness"
"341","luke bond maelstrom","luke bond maelstrom"
"342","demuja getting dark","demuja getting dark"
"343","meute you me","meute you me"
"344","system f out of the blue","system f out of the blue"
"345","ratty sunrise","arty sunrise"
"346","deadmau5 imaginary friends","deadmau5 imaginary friends ov"
"347","dimitri vegas like mike rej","dimitri vegas like mike the jungle"
"348","stoneface terminal skyfall","stoneface terminal flash"
"349","stoneface terminal lunacy","stoneface terminal flash"
"350","markus schulz the new world 2013","markus schulz the new world"
"351","tim mason swoon","tim mason sonar"
"352","ilan bluestone sinai","ilan bluestone rival"
"353","ilan bluestone 43","ilan bluestone noa"
"354","ilan bluestone bonsai","ilan bluestone noa"
"355","estiva blossom","estiva bloom"
"356","busta rhymes touch it","busta rhymes get it"
"357","armin van buuren pulsar","armin van buuren you are"
"358","ilan bluestone elevate","ilan bluestone i believe"
"359","perfecto allstars reach up","perfecto allstarz reach up"
"360","dimitri vegas like mike wolfpack ocarina","dimitri vegas like mike wakanda"
"361","george fitzgerald bad aura","george fitzgerald burns"
"362","george fitzgerald child","george fitzgerald frieda"
"363","ennio morricone once upon a time in america","ennio morricone once upon a time in the west"
"364","dimitri vangelis wyman id2","dimitri vangelis wyman vamos"
"365","dimitri vangelis wyman horns","dimitri vangelis wyman vamos"
"366","david bowie let s dance","david bowie let s dance demo"
